{
    "negative": {
        "precision": 0.54590789087709,
        "recall": 0.4685297079556898,
        "f1-score": 0.5042677144018426,
        "support": 3972.0
    },
    "neutral": {
        "precision": 0.5876993166287016,
        "recall": 0.608388074785245,
        "f1-score": 0.597864768683274,
        "support": 5937.0
    },
    "positive": {
        "precision": 0.4759985342616343,
        "recall": 0.5469473684210526,
        "f1-score": 0.5090125391849529,
        "support": 2375.0
    },
    "accuracy": 0.5512862259850212,
    "macro avg": {
        "precision": 0.5365352472558086,
        "recall": 0.5412883837206625,
        "f1-score": 0.5370483407566898,
        "support": 12284.0
    },
    "weighted avg": {
        "precision": 0.5525898326489567,
        "recall": 0.5512862259850212,
        "f1-score": 0.5504216276327727,
        "support": 12284.0
    }
}