{
    "negative": {
        "precision": 0.6777332570120206,
        "recall": 0.2980866062437059,
        "f1-score": 0.41405840181849973,
        "support": 3972.0
    },
    "neutral": {
        "precision": 0.5802310654685494,
        "recall": 0.7613272696648139,
        "f1-score": 0.6585561302542434,
        "support": 5937.0
    },
    "positive": {
        "precision": 0.507098653076083,
        "recall": 0.5865263157894737,
        "f1-score": 0.5439281530652089,
        "support": 2375.0
    },
    "accuracy": 0.5777434060566591,
    "macro avg": {
        "precision": 0.5883543251855511,
        "recall": 0.5486467305659978,
        "f1-score": 0.5388475617126507,
        "support": 12284.0
    },
    "weighted avg": {
        "precision": 0.5976186611522485,
        "recall": 0.5777434060566591,
        "f1-score": 0.5573361348805271,
        "support": 12284.0
    }
}