{
    "negative": {
        "precision": 1.0,
        "recall": 0.0005035246727089627,
        "f1-score": 0.0010065425264217413,
        "support": 3972.0
    },
    "neutral": {
        "precision": 0.5104176062054658,
        "recall": 0.953175004210881,
        "f1-score": 0.6648261278195489,
        "support": 5937.0
    },
    "positive": {
        "precision": 0.6393305439330544,
        "recall": 0.3216842105263158,
        "f1-score": 0.4280112044817927,
        "support": 2375.0
    },
    "accuracy": 0.5230380983393031,
    "macro avg": {
        "precision": 0.71658271671284,
        "recall": 0.4251209131366352,
        "f1-score": 0.36461462494258773,
        "support": 12284.0
    },
    "weighted avg": {
        "precision": 0.693646969218728,
        "recall": 0.5230380983393031,
        "f1-score": 0.40439574392900246,
        "support": 12284.0
    }
}