{
    "negative": {
        "precision": 0.6517000871839581,
        "recall": 0.37638469284994963,
        "f1-score": 0.47717842323651455,
        "support": 3972.0
    },
    "neutral": {
        "precision": 0.5933542148985428,
        "recall": 0.7338723260906181,
        "f1-score": 0.6561746987951808,
        "support": 5937.0
    },
    "positive": {
        "precision": 0.522478277295051,
        "recall": 0.5823157894736842,
        "f1-score": 0.5507765830346476,
        "support": 2375.0
    },
    "accuracy": 0.5889775317486161,
    "macro avg": {
        "precision": 0.589177526459184,
        "recall": 0.564190936138084,
        "f1-score": 0.5613765683554476,
        "support": 12284.0
    },
    "weighted avg": {
        "precision": 0.5985169837775216,
        "recall": 0.5889775317486161,
        "f1-score": 0.5779189407806669,
        "support": 12284.0
    }
}