{
    "negative": {
        "precision": 0.6911669890393295,
        "recall": 0.26988922457200404,
        "f1-score": 0.3881948216548977,
        "support": 3972.0
    },
    "neutral": {
        "precision": 0.5653607201724357,
        "recall": 0.7510527202290719,
        "f1-score": 0.6451099537037037,
        "support": 5937.0
    },
    "positive": {
        "precision": 0.477512297962052,
        "recall": 0.5722105263157895,
        "f1-score": 0.5205899253016664,
        "support": 2375.0
    },
    "accuracy": 0.5608922175187235,
    "macro avg": {
        "precision": 0.5780133357246057,
        "recall": 0.5310508237056218,
        "f1-score": 0.5179649002200893,
        "support": 12284.0
    },
    "weighted avg": {
        "precision": 0.5890551598655032,
        "recall": 0.5608922175187235,
        "f1-score": 0.5379622842187887,
        "support": 12284.0
    }
}